{
  "method": {
    "name": "flickr.urls.lookupGallery",
    "needslogin": 0,
    "needssigning": 0,
    "requiredperms": 0,
    "description": {
      "_content": "Returns gallery info, by url."
    },
    "response": {
      "_content": "<gallery id=\"6065-72157617483228192\" url=\"/photos/straup/galleries/72157617483228192\" owner=\"35034348999@N01\" \nprimary_photo_id=\"292882708\" \ndate_create=\"1241028772\" date_update=\"1270111667\" \ncount_photos=\"17\" count_videos=\"0\" server=\"112\" farm=\"1\" secret=\"7f29861bc4\">\n\t<title>Cat Pictures I've Sent To Kevin Collins</title>\n\t<description />\n</gallery>"
    },
    "explanation": {
      "_content": "This is the same format returned by <a href=\"http://www.flickr.com/services/api/flickr.galleries.getInfo.html\">flickr.galleries.getInfo</a>."
    }
  },
  "arguments": {
    "argument": [
      {
        "name": "api_key",
        "optional": 0,
        "_content": "Your API application key. <a href=\"/services/api/misc.api_keys.html\">See here</a> for more details."
      },
      {
        "name": "url",
        "optional": "0",
        "_content": "The gallery's URL."
      }
    ]
  },
  "errors": {
    "error": [
      {
        "code": 100,
        "message": "Invalid API Key",
        "_content": "The API key passed was not valid or has expired."
      },
      {
        "code": 105,
        "message": "Service currently unavailable",
        "_content": "The requested service is temporarily unavailable."
      },
      {
        "code": 106,
        "message": "Write operation failed",
        "_content": "The requested operation failed due to a temporary issue."
      },
      {
        "code": 111,
        "message": "Format \"xxx\" not found",
        "_content": "The requested response format was not found."
      },
      {
        "code": 112,
        "message": "Method \"xxx\" not found",
        "_content": "The requested method was not found."
      },
      {
        "code": 114,
        "message": "Invalid SOAP envelope",
        "_content": "The SOAP envelope send in the request could not be parsed."
      },
      {
        "code": 115,
        "message": "Invalid XML-RPC Method Call",
        "_content": "The XML-RPC request document could not be parsed."
      },
      {
        "code": 116,
        "message": "Bad URL found",
        "_content": "One or more arguments contained a URL that has been used for abuse on Flickr."
      }
    ]
  },
  "stat": "ok"
}