{
  "method": {
    "name": "flickr.places.getTopPlacesList",
    "needslogin": 0,
    "needssigning": 0,
    "requiredperms": 0,
    "description": {
      "_content": "Return the top 100 most geotagged places for a day."
    },
    "response": {
      "_content": "<places total=\"100\" date_start=\"1246320000\" date_stop=\"1246406399\">\n   <place place_id=\"4KO02SibApitvSBieQ\" woeid=\"23424977\"\n       latitude=\"48.890\" longitude=\"-116.982\" \n       place_url=\"/United+States\" place_type=\"country\" \n       place_type_id=\"12\" photo_count=\"23371\">United States</place>\n   <!-- and so on... -->\n</places>"
    }
  },
  "arguments": {
    "argument": [
      {
        "name": "api_key",
        "optional": 0,
        "_content": "Your API application key. <a href=\"/services/api/misc.api_keys.html\">See here</a> for more details."
      },
      {
        "name": "place_type_id",
        "optional": "0",
        "_content": "The numeric ID for a specific place type to cluster photos by. <br /><br />\n\nValid place type IDs are :\n\n<ul>\n<li><strong>22</strong>: neighbourhood</li>\n<li><strong>7</strong>: locality</li>\n<li><strong>8</strong>: region</li>\n<li><strong>12</strong>: country</li>\n<li><strong>29</strong>: continent</li>\n</ul>"
      },
      {
        "name": "date",
        "optional": "1",
        "_content": "A valid date in YYYY-MM-DD format. The default is yesterday."
      },
      {
        "name": "woe_id",
        "optional": "1",
        "_content": "Limit your query to only those top places belonging to a specific Where on Earth (WOE) identifier."
      },
      {
        "name": "place_id",
        "optional": "1",
        "_content": "Limit your query to only those top places belonging to a specific Flickr Places identifier."
      }
    ]
  },
  "errors": {
    "error": [
      {
        "code": "1",
        "message": "Required parameter missing",
        "_content": "One or more required parameters with missing from your request."
      },
      {
        "code": "2",
        "message": "Not a valid place type.",
        "_content": "An unknown or unsupported place type ID was passed with your request."
      },
      {
        "code": "3",
        "message": "Not a valid date.",
        "_content": "The date argument passed with your request is invalid."
      },
      {
        "code": "4",
        "message": "Not a valid Place ID",
        "_content": "An invalid Places (or WOE) identifier was included with your request."
      },
      {
        "code": 100,
        "message": "Invalid API Key",
        "_content": "The API key passed was not valid or has expired."
      },
      {
        "code": 105,
        "message": "Service currently unavailable",
        "_content": "The requested service is temporarily unavailable."
      },
      {
        "code": 106,
        "message": "Write operation failed",
        "_content": "The requested operation failed due to a temporary issue."
      },
      {
        "code": 111,
        "message": "Format \"xxx\" not found",
        "_content": "The requested response format was not found."
      },
      {
        "code": 112,
        "message": "Method \"xxx\" not found",
        "_content": "The requested method was not found."
      },
      {
        "code": 114,
        "message": "Invalid SOAP envelope",
        "_content": "The SOAP envelope send in the request could not be parsed."
      },
      {
        "code": 115,
        "message": "Invalid XML-RPC Method Call",
        "_content": "The XML-RPC request document could not be parsed."
      },
      {
        "code": 116,
        "message": "Bad URL found",
        "_content": "One or more arguments contained a URL that has been used for abuse on Flickr."
      }
    ]
  },
  "stat": "ok"
}