{
  "method": {
    "name": "flickr.groups.search",
    "needslogin": 0,
    "needssigning": 0,
    "requiredperms": 0,
    "description": {
      "_content": "Search for groups. 18+ groups will only be returned for authenticated calls where the authenticated user is over 18."
    },
    "response": {
      "_content": "<groups page=\"1\" pages=\"14\" perpage=\"5\" total=\"67\">\n\t<group nsid=\"3000@N02\"\n\t\tname=\"Frito's Test Group\" eighteenplus=\"0\" /> \n\t<group nsid=\"32825757@N00\"\n\t\tname=\"Free for All\" eighteenplus=\"0\" /> \n\t<group nsid=\"33335981560@N01\"\n\t\tname=\"joly's mothers\" eighteenplus=\"0\" /> \n\t<group nsid=\"33853651681@N01\"\n\t\tname=\"Wintermute tower\" eighteenplus=\"0\" /> \n\t<group nsid=\"33853651696@N01\"\n\t\tname=\"Art and Literature Hoedown\" eighteenplus=\"0\" /> \n</groups>"
    }
  },
  "arguments": {
    "argument": [
      {
        "name": "api_key",
        "optional": 0,
        "_content": "Your API application key. <a href=\"/services/api/misc.api_keys.html\">See here</a> for more details."
      },
      {
        "name": "text",
        "optional": "0",
        "_content": "The text to search for."
      },
      {
        "name": "per_page",
        "optional": "1",
        "_content": "Number of groups to return per page. If this argument is ommited, it defaults to 100. The maximum allowed value is 500."
      },
      {
        "name": "page",
        "optional": "1",
        "_content": "The page of results to return. If this argument is ommited, it defaults to 1. "
      }
    ]
  },
  "errors": {
    "error": [
      {
        "code": "1",
        "message": "No text passed",
        "_content": "The required text argument was ommited."
      },
      {
        "code": 100,
        "message": "Invalid API Key",
        "_content": "The API key passed was not valid or has expired."
      },
      {
        "code": 105,
        "message": "Service currently unavailable",
        "_content": "The requested service is temporarily unavailable."
      },
      {
        "code": 106,
        "message": "Write operation failed",
        "_content": "The requested operation failed due to a temporary issue."
      },
      {
        "code": 111,
        "message": "Format \"xxx\" not found",
        "_content": "The requested response format was not found."
      },
      {
        "code": 112,
        "message": "Method \"xxx\" not found",
        "_content": "The requested method was not found."
      },
      {
        "code": 114,
        "message": "Invalid SOAP envelope",
        "_content": "The SOAP envelope send in the request could not be parsed."
      },
      {
        "code": 115,
        "message": "Invalid XML-RPC Method Call",
        "_content": "The XML-RPC request document could not be parsed."
      },
      {
        "code": 116,
        "message": "Bad URL found",
        "_content": "One or more arguments contained a URL that has been used for abuse on Flickr."
      }
    ]
  },
  "stat": "ok"
}