{
  "method": {
    "name": "flickr.activity.userPhotos",
    "needslogin": 1,
    "needssigning": 1,
    "requiredperms": "1",
    "description": {
      "_content": "Returns a list of recent activity on photos belonging to the calling user. <b>Do not poll this method more than once an hour</b>."
    },
    "response": {
      "_content": "<items>\n\t<item type=\"photoset\" id=\"395\" owner=\"12037949754@N01\" \n\t\tprimary=\"6521\" secret=\"5a3cc65d72\" server=\"2\" \n\t\tcommentsold=\"1\" commentsnew=\"1\"\n\t\tviews=\"33\" photos=\"7\" more=\"0\">\n\t\t<title>A set of photos</title>\n\t\t<activity>\n\t\t\t<event type=\"comment\"\n\t\t\tuser=\"12037949754@N01\" username=\"Bees\"\n\t\t\tdateadded=\"1144086424\">yay</event>\n\t\t</activity>\n\t</item>\n\n\t<item type=\"photo\" id=\"10289\" owner=\"12037949754@N01\"\n\t\tsecret=\"34da0d3891\" server=\"2\"\n\t\tcommentsold=\"1\" commentsnew=\"1\"\n\t\tnotesold=\"0\" notesnew=\"1\"\n\t\tviews=\"47\" faves=\"0\" more=\"0\">\n\t\t<title>A photo</title>\n\t\t<activity>\n\t\t\t<event type=\"comment\"\n\t\t\tuser=\"12037949754@N01\" username=\"Bees\"\n\t\t\tdateadded=\"1133806604\">test</event>\n\t\t\t<event type=\"note\"\n\t\t\tuser=\"12037949754@N01\" username=\"Bees\"\n\t\t\tdateadded=\"1118785229\">nice</event>\n\t\t</activity>\n\t</item>\n</items>"
    }
  },
  "arguments": {
    "argument": [
      {
        "name": "api_key",
        "optional": 0,
        "_content": "Your API application key. <a href=\"/services/api/misc.api_keys.html\">See here</a> for more details."
      },
      {
        "name": "timeframe",
        "optional": "1",
        "_content": "The timeframe in which to return updates for. This can be specified in days (<code>'2d'</code>) or hours (<code>'4h'</code>). The default behavoir is to return changes since the beginning of the previous user session."
      },
      {
        "name": "per_page",
        "optional": "1",
        "_content": "Number of items to return per page. If this argument is omitted, it defaults to 10. The maximum allowed value is 50."
      },
      {
        "name": "page",
        "optional": "1",
        "_content": "The page of results to return. If this argument is omitted, it defaults to 1."
      }
    ]
  },
  "errors": {
    "error": [
      {
        "code": 95,
        "message": "SSL is required",
        "_content": "SSL is required to access the Flickr API."
      },
      {
        "code": 96,
        "message": "Invalid signature",
        "_content": "The passed signature was invalid."
      },
      {
        "code": 97,
        "message": "Missing signature",
        "_content": "The call required signing but no signature was sent."
      },
      {
        "code": 98,
        "message": "Login failed / Invalid auth token",
        "_content": "The login details or auth token passed were invalid."
      },
      {
        "code": 99,
        "message": "User not logged in / Insufficient permissions",
        "_content": "The method requires user authentication but the user was not logged in, or the authenticated method call did not have the required permissions."
      },
      {
        "code": 100,
        "message": "Invalid API Key",
        "_content": "The API key passed was not valid or has expired."
      },
      {
        "code": 105,
        "message": "Service currently unavailable",
        "_content": "The requested service is temporarily unavailable."
      },
      {
        "code": 106,
        "message": "Write operation failed",
        "_content": "The requested operation failed due to a temporary issue."
      },
      {
        "code": 111,
        "message": "Format \"xxx\" not found",
        "_content": "The requested response format was not found."
      },
      {
        "code": 112,
        "message": "Method \"xxx\" not found",
        "_content": "The requested method was not found."
      },
      {
        "code": 114,
        "message": "Invalid SOAP envelope",
        "_content": "The SOAP envelope send in the request could not be parsed."
      },
      {
        "code": 115,
        "message": "Invalid XML-RPC Method Call",
        "_content": "The XML-RPC request document could not be parsed."
      },
      {
        "code": 116,
        "message": "Bad URL found",
        "_content": "One or more arguments contained a URL that has been used for abuse on Flickr."
      }
    ]
  },
  "stat": "ok"
}