{
  "method": {
    "name": "flickr.profile.getProfile",
    "needslogin": 0,
    "needssigning": 0,
    "requiredperms": 0,
    "description": {
      "_content": "Returns specified user's profile info, respecting profile privacy settings"
    },
    "response": {
      "_content": "<profile\n    id=\"85826296@N00\"\n    nsid=\"85826296@N00\"\n    showcase_set=\"12357488850955295\"\n    first_name=\"Hal\"\n    last_name=\"Cenderson\"\n    description=\"This is me, this is my story\"\n    website=\"http://example.org\"\n    occupation=\"Super Conductor\"\n    hometown=\"Melbourne, Australia\"\n    city=\"San Francisco\"\n    country=\"USA\"\n/>"
    }
  },
  "arguments": {
    "argument": [
      {
        "name": "api_key",
        "optional": 0,
        "_content": "Your API application key. <a href=\"/services/api/misc.api_keys.html\">See here</a> for more details."
      },
      {
        "name": "user_id",
        "optional": "0",
        "_content": "The NSID of the user to fetch profile information for."
      }
    ]
  },
  "errors": {
    "error": [
      {
        "code": "1",
        "message": "Invalid NSID provided",
        "_content": "An invalid NSID was passed"
      },
      {
        "code": 100,
        "message": "Invalid API Key",
        "_content": "The API key passed was not valid or has expired."
      },
      {
        "code": 105,
        "message": "Service currently unavailable",
        "_content": "The requested service is temporarily unavailable."
      },
      {
        "code": 106,
        "message": "Write operation failed",
        "_content": "The requested operation failed due to a temporary issue."
      },
      {
        "code": 111,
        "message": "Format \"xxx\" not found",
        "_content": "The requested response format was not found."
      },
      {
        "code": 112,
        "message": "Method \"xxx\" not found",
        "_content": "The requested method was not found."
      },
      {
        "code": 114,
        "message": "Invalid SOAP envelope",
        "_content": "The SOAP envelope send in the request could not be parsed."
      },
      {
        "code": 115,
        "message": "Invalid XML-RPC Method Call",
        "_content": "The XML-RPC request document could not be parsed."
      },
      {
        "code": 116,
        "message": "Bad URL found",
        "_content": "One or more arguments contained a URL that has been used for abuse on Flickr."
      }
    ]
  },
  "stat": "ok"
}