{
  "method": {
    "name": "flickr.photos.getCounts",
    "needslogin": 1,
    "needssigning": 1,
    "requiredperms": "1",
    "description": {
      "_content": "Gets a list of photo counts for the given date ranges for the calling user."
    },
    "response": {
      "_content": "<photocounts>\n\t<photocount count=\"4\" fromdate=\"1093566950\" todate=\"1093653350\" /> \n\t<photocount count=\"0\" fromdate=\"1093653350\" todate=\"1093739750\" /> \n\t<photocount count=\"0\" fromdate=\"1093739750\" todate=\"1093826150\" /> \n\t<photocount count=\"2\" fromdate=\"1093826150\" todate=\"1093912550\" /> \n\t<photocount count=\"0\" fromdate=\"1093912550\" todate=\"1093998950\" /> \n\t<photocount count=\"0\" fromdate=\"1093998950\" todate=\"1094085350\" /> \n\t<photocount count=\"0\" fromdate=\"1094085350\" todate=\"1094171750\" /> \n</photocounts>\n"
    }
  },
  "arguments": {
    "argument": [
      {
        "name": "api_key",
        "optional": 0,
        "_content": "Your API application key. <a href=\"/services/api/misc.api_keys.html\">See here</a> for more details."
      },
      {
        "name": "dates",
        "optional": "1",
        "_content": "A comma delimited list of unix timestamps, denoting the periods to return counts for. They should be specified <b>smallest first</b>."
      },
      {
        "name": "taken_dates",
        "optional": "1",
        "_content": "A comma delimited list of mysql datetimes, denoting the periods to return counts for. They should be specified <b>smallest first</b>."
      }
    ]
  },
  "errors": {
    "error": [
      {
        "code": "1",
        "message": "No dates specified",
        "_content": "Neither dates nor taken_dates were specified."
      },
      {
        "code": 95,
        "message": "SSL is required",
        "_content": "SSL is required to access the Flickr API."
      },
      {
        "code": 96,
        "message": "Invalid signature",
        "_content": "The passed signature was invalid."
      },
      {
        "code": 97,
        "message": "Missing signature",
        "_content": "The call required signing but no signature was sent."
      },
      {
        "code": 98,
        "message": "Login failed / Invalid auth token",
        "_content": "The login details or auth token passed were invalid."
      },
      {
        "code": 99,
        "message": "User not logged in / Insufficient permissions",
        "_content": "The method requires user authentication but the user was not logged in, or the authenticated method call did not have the required permissions."
      },
      {
        "code": 100,
        "message": "Invalid API Key",
        "_content": "The API key passed was not valid or has expired."
      },
      {
        "code": 105,
        "message": "Service currently unavailable",
        "_content": "The requested service is temporarily unavailable."
      },
      {
        "code": 106,
        "message": "Write operation failed",
        "_content": "The requested operation failed due to a temporary issue."
      },
      {
        "code": 111,
        "message": "Format \"xxx\" not found",
        "_content": "The requested response format was not found."
      },
      {
        "code": 112,
        "message": "Method \"xxx\" not found",
        "_content": "The requested method was not found."
      },
      {
        "code": 114,
        "message": "Invalid SOAP envelope",
        "_content": "The SOAP envelope send in the request could not be parsed."
      },
      {
        "code": 115,
        "message": "Invalid XML-RPC Method Call",
        "_content": "The XML-RPC request document could not be parsed."
      },
      {
        "code": 116,
        "message": "Bad URL found",
        "_content": "One or more arguments contained a URL that has been used for abuse on Flickr."
      }
    ]
  },
  "stat": "ok"
}