{
  "method": {
    "name": "flickr.places.getChildrenWithPhotosPublic",
    "needslogin": 0,
    "needssigning": 0,
    "requiredperms": 0,
    "description": {
      "_content": "Return a list of locations with public photos that are parented by a Where on Earth (WOE) or Places ID."
    },
    "response": {
      "_content": "<places total=\"79\">\n   <place place_id=\"HznQfdKbB58biy8sdA\" woeid=\"26332794\"\n      latitude=\"45.498\" longitude=\"-73.575\"\n      place_url=\"/Canada/Quebec/Montreal  /Montreal+Golden+Square+Mile\"\n      place_type=\"neighbourhood\" photo_count=\"2717\">\n      Montreal Golden Square Mile, Montreal, QC, CA, Canada\n   </place>\n   <place place_id=\"K1rYWmGbB59rwn7lOA\" woeid=\"26332799\"\n      latitude=\"45.502\" longitude=\"-73.578\"\n      place_url=\"/Canada/Quebec/Montreal/Downtown+Montr%C3%A9al\"\n      place_type=\"neighbourhood\" photo_count=\"2317\">\n      Downtown Montréal, Montreal, QC, CA, Canada\n  </place>\n\n   <!-- and so on... -->\n\n</places>"
    }
  },
  "arguments": {
    "argument": [
      {
        "name": "api_key",
        "optional": 0,
        "_content": "Your API application key. <a href=\"/services/api/misc.api_keys.html\">See here</a> for more details."
      },
      {
        "name": "place_id",
        "optional": "1",
        "_content": "A Flickr Places ID. (While optional, you must pass either a valid Places ID or a WOE ID.)"
      },
      {
        "name": "woe_id",
        "optional": "1",
        "_content": "A Where On Earth (WOE) ID. (While optional, you must pass either a valid Places ID or a WOE ID.)"
      }
    ]
  },
  "errors": {
    "error": [
      {
        "code": "1",
        "message": "Required parameter missing",
        "_content": "One or more required parameter is missing from the API call."
      },
      {
        "code": "2",
        "message": "Not a valid Places ID",
        "_content": "An invalid Places (or WOE) ID was passed with the API call."
      },
      {
        "code": "3",
        "message": "Place not found",
        "_content": "No place could be found for the Places (or WOE) ID passed to the API call."
      },
      {
        "code": 100,
        "message": "Invalid API Key",
        "_content": "The API key passed was not valid or has expired."
      },
      {
        "code": 105,
        "message": "Service currently unavailable",
        "_content": "The requested service is temporarily unavailable."
      },
      {
        "code": 106,
        "message": "Write operation failed",
        "_content": "The requested operation failed due to a temporary issue."
      },
      {
        "code": 111,
        "message": "Format \"xxx\" not found",
        "_content": "The requested response format was not found."
      },
      {
        "code": 112,
        "message": "Method \"xxx\" not found",
        "_content": "The requested method was not found."
      },
      {
        "code": 114,
        "message": "Invalid SOAP envelope",
        "_content": "The SOAP envelope send in the request could not be parsed."
      },
      {
        "code": 115,
        "message": "Invalid XML-RPC Method Call",
        "_content": "The XML-RPC request document could not be parsed."
      },
      {
        "code": 116,
        "message": "Bad URL found",
        "_content": "One or more arguments contained a URL that has been used for abuse on Flickr."
      }
    ]
  },
  "stat": "ok"
}