{
  "method": {
    "name": "flickr.photosets.addPhoto",
    "needslogin": 1,
    "needssigning": 1,
    "requiredperms": "2",
    "description": {
      "_content": "Add a photo to the end of an existing photoset."
    }
  },
  "arguments": {
    "argument": [
      {
        "name": "api_key",
        "optional": 0,
        "_content": "Your API application key. <a href=\"/services/api/misc.api_keys.html\">See here</a> for more details."
      },
      {
        "name": "photoset_id",
        "optional": "0",
        "_content": "The id of the photoset to add a photo to."
      },
      {
        "name": "photo_id",
        "optional": "0",
        "_content": "The id of the photo to add to the set."
      }
    ]
  },
  "errors": {
    "error": [
      {
        "code": "1",
        "message": "Photoset not found",
        "_content": "The photoset id passed was not the id of avalid photoset owned by the calling user."
      },
      {
        "code": "2",
        "message": "Photo not found",
        "_content": "The photo id passed was not the id of a valid photo owned by the calling user."
      },
      {
        "code": "3",
        "message": "Photo already in set",
        "_content": "The photo is already a member of the photoset."
      },
      {
        "code": "10",
        "message": "Maximum number of photos in set",
        "_content": "A set has reached the upper limit for the number of photos allowed."
      },
      {
        "code": 95,
        "message": "SSL is required",
        "_content": "SSL is required to access the Flickr API."
      },
      {
        "code": 96,
        "message": "Invalid signature",
        "_content": "The passed signature was invalid."
      },
      {
        "code": 97,
        "message": "Missing signature",
        "_content": "The call required signing but no signature was sent."
      },
      {
        "code": 98,
        "message": "Login failed / Invalid auth token",
        "_content": "The login details or auth token passed were invalid."
      },
      {
        "code": 99,
        "message": "User not logged in / Insufficient permissions",
        "_content": "The method requires user authentication but the user was not logged in, or the authenticated method call did not have the required permissions."
      },
      {
        "code": 100,
        "message": "Invalid API Key",
        "_content": "The API key passed was not valid or has expired."
      },
      {
        "code": 105,
        "message": "Service currently unavailable",
        "_content": "The requested service is temporarily unavailable."
      },
      {
        "code": 106,
        "message": "Write operation failed",
        "_content": "The requested operation failed due to a temporary issue."
      },
      {
        "code": 111,
        "message": "Format \"xxx\" not found",
        "_content": "The requested response format was not found."
      },
      {
        "code": 112,
        "message": "Method \"xxx\" not found",
        "_content": "The requested method was not found."
      },
      {
        "code": 114,
        "message": "Invalid SOAP envelope",
        "_content": "The SOAP envelope send in the request could not be parsed."
      },
      {
        "code": 115,
        "message": "Invalid XML-RPC Method Call",
        "_content": "The XML-RPC request document could not be parsed."
      },
      {
        "code": 116,
        "message": "Bad URL found",
        "_content": "One or more arguments contained a URL that has been used for abuse on Flickr."
      }
    ]
  },
  "stat": "ok"
}