{
  "method": {
    "name": "flickr.photos.people.editCoords",
    "needslogin": 1,
    "needssigning": 1,
    "requiredperms": "2",
    "description": {
      "_content": "Edit the bounding box of an existing person on a photo."
    }
  },
  "arguments": {
    "argument": [
      {
        "name": "api_key",
        "optional": 0,
        "_content": "Your API application key. <a href=\"/services/api/misc.api_keys.html\">See here</a> for more details."
      },
      {
        "name": "photo_id",
        "optional": "0",
        "_content": "The id of the photo to edit a person in."
      },
      {
        "name": "user_id",
        "optional": "0",
        "_content": "The NSID of the person to edit in a photo."
      },
      {
        "name": "person_x",
        "optional": "0",
        "_content": "The left-most pixel co-ordinate of the box around the person."
      },
      {
        "name": "person_y",
        "optional": "0",
        "_content": "The top-most pixel co-ordinate of the box around the person."
      },
      {
        "name": "person_w",
        "optional": "0",
        "_content": "The width (in pixels) of the box around the person."
      },
      {
        "name": "person_h",
        "optional": "0",
        "_content": "The height (in pixels) of the box around the person."
      }
    ]
  },
  "errors": {
    "error": [
      {
        "code": "1",
        "message": "Person not found",
        "_content": "The NSID passed was not a valid user id."
      },
      {
        "code": "2",
        "message": "Photo not found",
        "_content": "The photo id passed was not a valid photo id."
      },
      {
        "code": "3",
        "message": "User cannot edit that person in that photo",
        "_content": "The calling user did not originally add this person to the photo, and is not the person in question."
      },
      {
        "code": "4",
        "message": "Some co-ordinate paramters were blank",
        "_content": "Not all of the co-ordinate parameters (person_x, person_y, person_w, person_h) were passed with valid values."
      },
      {
        "code": "5",
        "message": "No co-ordinates given",
        "_content": "None of the co-ordinate parameters were valid."
      },
      {
        "code": 95,
        "message": "SSL is required",
        "_content": "SSL is required to access the Flickr API."
      },
      {
        "code": 96,
        "message": "Invalid signature",
        "_content": "The passed signature was invalid."
      },
      {
        "code": 97,
        "message": "Missing signature",
        "_content": "The call required signing but no signature was sent."
      },
      {
        "code": 98,
        "message": "Login failed / Invalid auth token",
        "_content": "The login details or auth token passed were invalid."
      },
      {
        "code": 99,
        "message": "User not logged in / Insufficient permissions",
        "_content": "The method requires user authentication but the user was not logged in, or the authenticated method call did not have the required permissions."
      },
      {
        "code": 100,
        "message": "Invalid API Key",
        "_content": "The API key passed was not valid or has expired."
      },
      {
        "code": 105,
        "message": "Service currently unavailable",
        "_content": "The requested service is temporarily unavailable."
      },
      {
        "code": 106,
        "message": "Write operation failed",
        "_content": "The requested operation failed due to a temporary issue."
      },
      {
        "code": 111,
        "message": "Format \"xxx\" not found",
        "_content": "The requested response format was not found."
      },
      {
        "code": 112,
        "message": "Method \"xxx\" not found",
        "_content": "The requested method was not found."
      },
      {
        "code": 114,
        "message": "Invalid SOAP envelope",
        "_content": "The SOAP envelope send in the request could not be parsed."
      },
      {
        "code": 115,
        "message": "Invalid XML-RPC Method Call",
        "_content": "The XML-RPC request document could not be parsed."
      },
      {
        "code": 116,
        "message": "Bad URL found",
        "_content": "One or more arguments contained a URL that has been used for abuse on Flickr."
      }
    ]
  },
  "stat": "ok"
}