{
  "method": {
    "name": "flickr.groups.leave",
    "needslogin": 1,
    "needssigning": 1,
    "requiredperms": "3",
    "description": {
      "_content": "Leave a group.\n\n<br /><br />If the user is the only administrator left, and there are other members, the oldest member will be promoted to administrator.\n\n<br /><br />If the user is the last person in the group, the group will be deleted."
    }
  },
  "arguments": {
    "argument": [
      {
        "name": "api_key",
        "optional": 0,
        "_content": "Your API application key. <a href=\"/services/api/misc.api_keys.html\">See here</a> for more details."
      },
      {
        "name": "group_id",
        "optional": "0",
        "_content": "The NSID of the Group to leave"
      },
      {
        "name": "delete_photos",
        "optional": "1",
        "_content": "Delete all photos by this user from the group"
      }
    ]
  },
  "errors": {
    "error": [
      {
        "code": "1",
        "message": "Required arguments missing",
        "_content": "The group_id doesn't exist"
      },
      {
        "code": "2",
        "message": "Group does not exist",
        "_content": "The group by that ID does not exist"
      },
      {
        "code": "3",
        "message": "Account is not in that group",
        "_content": "The user is not a member of the group that was specified"
      },
      {
        "code": 95,
        "message": "SSL is required",
        "_content": "SSL is required to access the Flickr API."
      },
      {
        "code": 96,
        "message": "Invalid signature",
        "_content": "The passed signature was invalid."
      },
      {
        "code": 97,
        "message": "Missing signature",
        "_content": "The call required signing but no signature was sent."
      },
      {
        "code": 98,
        "message": "Login failed / Invalid auth token",
        "_content": "The login details or auth token passed were invalid."
      },
      {
        "code": 99,
        "message": "User not logged in / Insufficient permissions",
        "_content": "The method requires user authentication but the user was not logged in, or the authenticated method call did not have the required permissions."
      },
      {
        "code": 100,
        "message": "Invalid API Key",
        "_content": "The API key passed was not valid or has expired."
      },
      {
        "code": 105,
        "message": "Service currently unavailable",
        "_content": "The requested service is temporarily unavailable."
      },
      {
        "code": 106,
        "message": "Write operation failed",
        "_content": "The requested operation failed due to a temporary issue."
      },
      {
        "code": 111,
        "message": "Format \"xxx\" not found",
        "_content": "The requested response format was not found."
      },
      {
        "code": 112,
        "message": "Method \"xxx\" not found",
        "_content": "The requested method was not found."
      },
      {
        "code": 114,
        "message": "Invalid SOAP envelope",
        "_content": "The SOAP envelope send in the request could not be parsed."
      },
      {
        "code": 115,
        "message": "Invalid XML-RPC Method Call",
        "_content": "The XML-RPC request document could not be parsed."
      },
      {
        "code": 116,
        "message": "Bad URL found",
        "_content": "One or more arguments contained a URL that has been used for abuse on Flickr."
      }
    ]
  },
  "stat": "ok"
}