{
  "method": {
    "name": "flickr.contacts.getPublicList",
    "needslogin": 0,
    "needssigning": 0,
    "requiredperms": 0,
    "description": {
      "_content": "Get the contact list for a user."
    },
    "response": {
      "_content": "<contacts page=\"1\" pages=\"1\" perpage=\"1000\" total=\"3\">\n\t<contact nsid=\"12037949629@N01\" username=\"Eric\" iconserver=\"1\" ignored=\"1\" /> \n\t<contact nsid=\"12037949631@N01\" username=\"neb\" iconserver=\"1\" ignored=\"0\" /> \n\t<contact nsid=\"41578656547@N01\" username=\"cal_abc\" iconserver=\"1\" ignored=\"0\" />\n</contacts>"
    },
    "explanation": {
      "_content": "<p>See <a href=\"/services/api/flickr.contacts.getList.html\">flickr.contacts.getList</a> for an explanation of the response.</p>"
    }
  },
  "arguments": {
    "argument": [
      {
        "name": "api_key",
        "optional": 0,
        "_content": "Your API application key. <a href=\"/services/api/misc.api_keys.html\">See here</a> for more details."
      },
      {
        "name": "user_id",
        "optional": "0",
        "_content": "The NSID of the user to fetch the contact list for."
      },
      {
        "name": "page",
        "optional": "1",
        "_content": "The page of results to return. If this argument is omitted, it defaults to 1."
      },
      {
        "name": "per_page",
        "optional": "1",
        "_content": "Number of photos to return per page. If this argument is omitted, it defaults to 1000. The maximum allowed value is 1000."
      }
    ]
  },
  "errors": {
    "error": [
      {
        "code": "1",
        "message": "User not found",
        "_content": "The specified user NSID was not a valid user."
      },
      {
        "code": 100,
        "message": "Invalid API Key",
        "_content": "The API key passed was not valid or has expired."
      },
      {
        "code": 105,
        "message": "Service currently unavailable",
        "_content": "The requested service is temporarily unavailable."
      },
      {
        "code": 106,
        "message": "Write operation failed",
        "_content": "The requested operation failed due to a temporary issue."
      },
      {
        "code": 111,
        "message": "Format \"xxx\" not found",
        "_content": "The requested response format was not found."
      },
      {
        "code": 112,
        "message": "Method \"xxx\" not found",
        "_content": "The requested method was not found."
      },
      {
        "code": 114,
        "message": "Invalid SOAP envelope",
        "_content": "The SOAP envelope send in the request could not be parsed."
      },
      {
        "code": 115,
        "message": "Invalid XML-RPC Method Call",
        "_content": "The XML-RPC request document could not be parsed."
      },
      {
        "code": 116,
        "message": "Bad URL found",
        "_content": "One or more arguments contained a URL that has been used for abuse on Flickr."
      }
    ]
  },
  "stat": "ok"
}