{
  "method": {
    "name": "flickr.blogs.getServices",
    "needslogin": 0,
    "needssigning": 0,
    "requiredperms": 0,
    "description": {
      "_content": "Return a list of Flickr supported blogging services"
    },
    "response": {
      "_content": "<services>\n<service id=\"beta.blogger.com\">Blogger</service>\n<service id=\"Typepad\">Typepad</service>\n<service id=\"MovableType\">Movable Type</service>\n<service id=\"LiveJournal\">LiveJournal</service>\n<service id=\"MetaWeblogAPI\">Wordpress</service>\n<service id=\"MetaWeblogAPI\">MetaWeblogAPI</service>\n<service id=\"Manila\">Manila</service>\n<service id=\"AtomAPI\">AtomAPI</service>\n<service id=\"BloggerAPI\">BloggerAPI</service>\n<service id=\"Vox\">Vox</service>\n<service id=\"Twitter\">Twitter</service>\n</services>"
    }
  },
  "arguments": {
    "argument": [
      {
        "name": "api_key",
        "optional": 0,
        "_content": "Your API application key. <a href=\"/services/api/misc.api_keys.html\">See here</a> for more details."
      }
    ]
  },
  "errors": {
    "error": [
      {
        "code": 100,
        "message": "Invalid API Key",
        "_content": "The API key passed was not valid or has expired."
      },
      {
        "code": 105,
        "message": "Service currently unavailable",
        "_content": "The requested service is temporarily unavailable."
      },
      {
        "code": 106,
        "message": "Write operation failed",
        "_content": "The requested operation failed due to a temporary issue."
      },
      {
        "code": 111,
        "message": "Format \"xxx\" not found",
        "_content": "The requested response format was not found."
      },
      {
        "code": 112,
        "message": "Method \"xxx\" not found",
        "_content": "The requested method was not found."
      },
      {
        "code": 114,
        "message": "Invalid SOAP envelope",
        "_content": "The SOAP envelope send in the request could not be parsed."
      },
      {
        "code": 115,
        "message": "Invalid XML-RPC Method Call",
        "_content": "The XML-RPC request document could not be parsed."
      },
      {
        "code": 116,
        "message": "Bad URL found",
        "_content": "One or more arguments contained a URL that has been used for abuse on Flickr."
      }
    ]
  },
  "stat": "ok"
}