{
  "method": {
    "name": "flickr.places.resolvePlaceURL",
    "needslogin": 0,
    "needssigning": 0,
    "requiredperms": 0,
    "description": {
      "_content": "Find Flickr Places information by Place URL.<br /><br />\nThis method has been deprecated. It won't be removed but you should use <a href=\"/services/api/flickr.places.getInfoByUrl.html\">flickr.places.getInfoByUrl</a> instead.\n"
    },
    "response": {
      "_content": "<location place_id=\"kH8dLOubBZRvX_YZ\" woeid=\"2487956\" \n                latitude=\"37.779\" longitude=\"-122.420\"\n                place_url=\"/United+States/California/San+Francisco\"\n                place_type=\"locality\">\n   <locality place_id=\"kH8dLOubBZRvX_YZ\" woeid=\"2487956\"\n                 latitude=\"37.779\" longitude=\"-122.420\" \n                 place_url=\"/United+States/California/San+Francisco\">San Francisco</locality>\n   <county place_id=\"hCca8XSYA5nn0X1Sfw\" woeid=\"12587707\"\n                 latitude=\"37.759\" longitude=\"-122.435\" \n                 place_url=\"/hCca8XSYA5nn0X1Sfw\">San Francisco</county>\n   <region place_id=\"SVrAMtCbAphCLAtP\" woeid=\"2347563\" \n                latitude=\"37.271\" longitude=\"-119.270\" \n                place_url=\"/United+States/California\">California</region>\n   <country place_id=\"4KO02SibApitvSBieQ\" woeid=\"23424977\"\n                  latitude=\"48.890\" longitude=\"-116.982\" \n                  place_url=\"/United+States\">United States</country>\n</location>"
    }
  },
  "arguments": {
    "argument": [
      {
        "name": "api_key",
        "optional": 0,
        "_content": "Your API application key. <a href=\"/services/api/misc.api_keys.html\">See here</a> for more details."
      },
      {
        "name": "url",
        "optional": "0",
        "_content": "A Flickr Places URL.\n<br /><br />\nFlickr Place URLs are of the form /country/region/city"
      }
    ]
  },
  "errors": {
    "error": [
      {
        "code": "2",
        "message": "Place URL required.",
        "_content": ""
      },
      {
        "code": "3",
        "message": "Place not found.",
        "_content": ""
      },
      {
        "code": 100,
        "message": "Invalid API Key",
        "_content": "The API key passed was not valid or has expired."
      },
      {
        "code": 105,
        "message": "Service currently unavailable",
        "_content": "The requested service is temporarily unavailable."
      },
      {
        "code": 106,
        "message": "Write operation failed",
        "_content": "The requested operation failed due to a temporary issue."
      },
      {
        "code": 111,
        "message": "Format \"xxx\" not found",
        "_content": "The requested response format was not found."
      },
      {
        "code": 112,
        "message": "Method \"xxx\" not found",
        "_content": "The requested method was not found."
      },
      {
        "code": 114,
        "message": "Invalid SOAP envelope",
        "_content": "The SOAP envelope send in the request could not be parsed."
      },
      {
        "code": 115,
        "message": "Invalid XML-RPC Method Call",
        "_content": "The XML-RPC request document could not be parsed."
      },
      {
        "code": 116,
        "message": "Bad URL found",
        "_content": "One or more arguments contained a URL that has been used for abuse on Flickr."
      }
    ]
  },
  "stat": "ok"
}