{
  "method": {
    "name": "flickr.tags.getHotList",
    "needslogin": 0,
    "needssigning": 0,
    "requiredperms": 0,
    "description": {
      "_content": "Returns a list of hot tags for the given period."
    },
    "response": {
      "_content": "<hottags period=\"day\" count=\"6\">\n\t<tag score=\"20\">northerncalifornia</tag>\n\t<tag score=\"18\">top20</tag>\n\t<tag score=\"15\">keychain</tag>\n\t<tag score=\"10\">zb</tag>\n\t<tag score=\"9\">selfportraittuesday</tag>\n\t<tag score=\"4\">jan06</tag>\n</hottags>"
    }
  },
  "arguments": {
    "argument": [
      {
        "name": "api_key",
        "optional": 0,
        "_content": "Your API application key. <a href=\"/services/api/misc.api_keys.html\">See here</a> for more details."
      },
      {
        "name": "period",
        "optional": "1",
        "_content": "The period for which to fetch hot tags. Valid values are <code>day</code> and <code>week</code> (defaults to <code>day</code>)."
      },
      {
        "name": "count",
        "optional": "1",
        "_content": "The number of tags to return. Defaults to 20. Maximum allowed value is 200."
      }
    ]
  },
  "errors": {
    "error": [
      {
        "code": "1",
        "message": "Invalid period",
        "_content": "The specified period was not understood."
      },
      {
        "code": 100,
        "message": "Invalid API Key",
        "_content": "The API key passed was not valid or has expired."
      },
      {
        "code": 105,
        "message": "Service currently unavailable",
        "_content": "The requested service is temporarily unavailable."
      },
      {
        "code": 106,
        "message": "Write operation failed",
        "_content": "The requested operation failed due to a temporary issue."
      },
      {
        "code": 111,
        "message": "Format \"xxx\" not found",
        "_content": "The requested response format was not found."
      },
      {
        "code": 112,
        "message": "Method \"xxx\" not found",
        "_content": "The requested method was not found."
      },
      {
        "code": 114,
        "message": "Invalid SOAP envelope",
        "_content": "The SOAP envelope send in the request could not be parsed."
      },
      {
        "code": 115,
        "message": "Invalid XML-RPC Method Call",
        "_content": "The XML-RPC request document could not be parsed."
      },
      {
        "code": 116,
        "message": "Bad URL found",
        "_content": "One or more arguments contained a URL that has been used for abuse on Flickr."
      }
    ]
  },
  "stat": "ok"
}