{
  "method": {
    "name": "flickr.groups.getInfo",
    "needslogin": 0,
    "needssigning": 0,
    "requiredperms": 0,
    "description": {
      "_content": "Get information about a group."
    },
    "response": {
      "_content": "<group id=\"34427465497@N01\" iconserver=\"1\" iconfarm=\"1\" lang=\"en-us\" ispoolmoderated=\"0\">\n\t<name>GNEverybody</name>\n\t<description>The group for GNE players</description>\n\t<members>69</members>\n\t<privacy>3</privacy>\n\t<throttle count=\"10\" mode=\"month\" remaining=\"3\"/>\n        <restrictions photos_ok=\"1\" videos_ok=\"1\" images_ok=\"1\" screens_ok=\"1\" art_ok=\"1\" safe_ok=\"1\" moderate_ok=\"0\" restricted_ok=\"0\" has_geo=\"0\" />\n</group>"
    }
  },
  "arguments": {
    "argument": [
      {
        "name": "api_key",
        "optional": 0,
        "_content": "Your API application key. <a href=\"/services/api/misc.api_keys.html\">See here</a> for more details."
      },
      {
        "name": "group_id",
        "optional": "0",
        "_content": "The NSID of the group to fetch information for."
      },
      {
        "name": "group_path_alias",
        "optional": "1",
        "_content": "The path alias of the group. One of this or the group_id param is required"
      },
      {
        "name": "lang",
        "optional": "1",
        "_content": "The language of the group name and description to fetch.  If the language is not found, the primary language of the group will be returned.\n\nValid values are the same as <a href=\"/services/feeds/\">in feeds</a>."
      }
    ]
  },
  "errors": {
    "error": [
      {
        "code": "1",
        "message": "Group not found",
        "_content": "The group NSID passed did not refer to a group that the calling user can see - either an invalid group is or a group that can't be seen by the calling user."
      },
      {
        "code": "2",
        "message": "Group is private",
        "_content": "This is a private group."
      },
      {
        "code": 100,
        "message": "Invalid API Key",
        "_content": "The API key passed was not valid or has expired."
      },
      {
        "code": 105,
        "message": "Service currently unavailable",
        "_content": "The requested service is temporarily unavailable."
      },
      {
        "code": 106,
        "message": "Write operation failed",
        "_content": "The requested operation failed due to a temporary issue."
      },
      {
        "code": 111,
        "message": "Format \"xxx\" not found",
        "_content": "The requested response format was not found."
      },
      {
        "code": 112,
        "message": "Method \"xxx\" not found",
        "_content": "The requested method was not found."
      },
      {
        "code": 114,
        "message": "Invalid SOAP envelope",
        "_content": "The SOAP envelope send in the request could not be parsed."
      },
      {
        "code": 115,
        "message": "Invalid XML-RPC Method Call",
        "_content": "The XML-RPC request document could not be parsed."
      },
      {
        "code": 116,
        "message": "Bad URL found",
        "_content": "One or more arguments contained a URL that has been used for abuse on Flickr."
      }
    ]
  },
  "stat": "ok"
}