{
  "method": {
    "name": "flickr.testimonials.addTestimonial",
    "needslogin": 1,
    "needssigning": 1,
    "requiredperms": "2",
    "description": {
      "_content": "Write a new testimonial"
    },
    "response": {
      "_content": "<rsp stat=\"ok\">\n    <testimonial id=\"72157659275062162\" date_create=\"1491516194\" date_approved=\"0\" approved=\"0\" body=\"great photographer!\">\n        <by_user nsid=\"45937598@N01\" path_alias=\"\" username=\"john\" ispro=\"1\" is_ad_free=\"0\" realname=\"john nelson\"/>\n        <about_user nsid=\"516314214@N05\" path_alias=\"stpaul\" username=\"paul\" ispro=\"0\" is_ad_free=\"0\" realname=\"paul peterson\"/>\n    </testimonial>\n</rsp>"
    }
  },
  "arguments": {
    "argument": [
      {
        "name": "api_key",
        "optional": 0,
        "_content": "Your API application key. <a href=\"/services/api/misc.api_keys.html\">See here</a> for more details."
      },
      {
        "name": "user_id",
        "optional": "0",
        "_content": "ID of the user the testimonial is about"
      },
      {
        "name": "testimonial_text",
        "optional": "0",
        "_content": "The text of the testimonial. HTML/BBCode is not accepted"
      }
    ]
  },
  "errors": {
    "error": [
      {
        "code": "1",
        "message": "Invalid NSID provided",
        "_content": ""
      },
      {
        "code": "2",
        "message": "Unable to save testimonial",
        "_content": ""
      },
      {
        "code": "3",
        "message": "Failed to read back testimonial ID",
        "_content": ""
      },
      {
        "code": "4",
        "message": "Testimonial already written for this user",
        "_content": ""
      },
      {
        "code": 95,
        "message": "SSL is required",
        "_content": "SSL is required to access the Flickr API."
      },
      {
        "code": 96,
        "message": "Invalid signature",
        "_content": "The passed signature was invalid."
      },
      {
        "code": 97,
        "message": "Missing signature",
        "_content": "The call required signing but no signature was sent."
      },
      {
        "code": 98,
        "message": "Login failed / Invalid auth token",
        "_content": "The login details or auth token passed were invalid."
      },
      {
        "code": 99,
        "message": "User not logged in / Insufficient permissions",
        "_content": "The method requires user authentication but the user was not logged in, or the authenticated method call did not have the required permissions."
      },
      {
        "code": 100,
        "message": "Invalid API Key",
        "_content": "The API key passed was not valid or has expired."
      },
      {
        "code": 105,
        "message": "Service currently unavailable",
        "_content": "The requested service is temporarily unavailable."
      },
      {
        "code": 106,
        "message": "Write operation failed",
        "_content": "The requested operation failed due to a temporary issue."
      },
      {
        "code": 111,
        "message": "Format \"xxx\" not found",
        "_content": "The requested response format was not found."
      },
      {
        "code": 112,
        "message": "Method \"xxx\" not found",
        "_content": "The requested method was not found."
      },
      {
        "code": 114,
        "message": "Invalid SOAP envelope",
        "_content": "The SOAP envelope send in the request could not be parsed."
      },
      {
        "code": 115,
        "message": "Invalid XML-RPC Method Call",
        "_content": "The XML-RPC request document could not be parsed."
      },
      {
        "code": 116,
        "message": "Bad URL found",
        "_content": "One or more arguments contained a URL that has been used for abuse on Flickr."
      }
    ]
  },
  "stat": "ok"
}