{
  "method": {
    "name": "flickr.photosets.editPhotos",
    "needslogin": 1,
    "needssigning": 1,
    "requiredperms": "2",
    "description": {
      "_content": "Modify the photos in a photoset. Use this method to add, remove and re-order photos."
    }
  },
  "arguments": {
    "argument": [
      {
        "name": "api_key",
        "optional": 0,
        "_content": "Your API application key. <a href=\"/services/api/misc.api_keys.html\">See here</a> for more details."
      },
      {
        "name": "photoset_id",
        "optional": "0",
        "_content": "The id of the photoset to modify. The photoset must belong to the calling user."
      },
      {
        "name": "primary_photo_id",
        "optional": "0",
        "_content": "The id of the photo to use as the 'primary' photo for the set. This id must also be passed along in photo_ids list argument."
      },
      {
        "name": "photo_ids",
        "optional": "0",
        "_content": "A comma-delimited list of photo ids to include in the set. They will appear in the set in the order sent. This list <b>must</b> contain the primary photo id. All photos must belong to the owner of the set. This list of photos replaces the existing list. Call flickr.photosets.addPhoto to append a photo to a set."
      }
    ]
  },
  "errors": {
    "error": [
      {
        "code": "1",
        "message": "Photoset not found",
        "_content": "The photoset id passed was not a valid photoset id or did not belong to the calling user."
      },
      {
        "code": "2",
        "message": "Photo not found",
        "_content": "One or more of the photo ids passed was not a valid photo id or does not belong to the calling user."
      },
      {
        "code": "3",
        "message": "Primary photo not found",
        "_content": "The primary photo id passed was not a valid photo id or does not belong to the calling user."
      },
      {
        "code": "4",
        "message": "Primary photo not in list",
        "_content": "The primary photo id passed did not appear in the photo id list."
      },
      {
        "code": "5",
        "message": "Empty photos list",
        "_content": "No photo ids were passed."
      },
      {
        "code": 95,
        "message": "SSL is required",
        "_content": "SSL is required to access the Flickr API."
      },
      {
        "code": 96,
        "message": "Invalid signature",
        "_content": "The passed signature was invalid."
      },
      {
        "code": 97,
        "message": "Missing signature",
        "_content": "The call required signing but no signature was sent."
      },
      {
        "code": 98,
        "message": "Login failed / Invalid auth token",
        "_content": "The login details or auth token passed were invalid."
      },
      {
        "code": 99,
        "message": "User not logged in / Insufficient permissions",
        "_content": "The method requires user authentication but the user was not logged in, or the authenticated method call did not have the required permissions."
      },
      {
        "code": 100,
        "message": "Invalid API Key",
        "_content": "The API key passed was not valid or has expired."
      },
      {
        "code": 105,
        "message": "Service currently unavailable",
        "_content": "The requested service is temporarily unavailable."
      },
      {
        "code": 106,
        "message": "Write operation failed",
        "_content": "The requested operation failed due to a temporary issue."
      },
      {
        "code": 111,
        "message": "Format \"xxx\" not found",
        "_content": "The requested response format was not found."
      },
      {
        "code": 112,
        "message": "Method \"xxx\" not found",
        "_content": "The requested method was not found."
      },
      {
        "code": 114,
        "message": "Invalid SOAP envelope",
        "_content": "The SOAP envelope send in the request could not be parsed."
      },
      {
        "code": 115,
        "message": "Invalid XML-RPC Method Call",
        "_content": "The XML-RPC request document could not be parsed."
      },
      {
        "code": 116,
        "message": "Bad URL found",
        "_content": "One or more arguments contained a URL that has been used for abuse on Flickr."
      }
    ]
  },
  "stat": "ok"
}