{
  "method": {
    "name": "flickr.collections.getInfo",
    "needslogin": 1,
    "needssigning": 1,
    "requiredperms": "1",
    "description": {
      "_content": "Returns information for a single collection.  Currently can only be called by the collection owner, this may change."
    },
    "response": {
      "_content": "<collection id=\"12-72157594586579649\" child_count=\"6\" datecreate=\"1173812218\" iconlarge=\"http://farm1.static.flickr.com/187/cols/73743fac2cf79_l.jpg\" iconsmall=\"http://farm1.static.flickr.com/187/cols/72157594586579649_43fac2cf79_s.jpg\" server=\"187\" secret=\"36\">\n<title>All My Photos</title>\n<description>Photos!</description>\n<iconphotos>\n<photo id=\"14\" owner=\"12@N01\" secret=\"b57ba5c\" server=\"51\" farm=\"1\" title=\"in full cap and gown\" ispublic=\"1\" isfriend=\"0\" isfamily=\"0\"/>\n<photo id=\"15\" owner=\"12@N01\" secret=\"ba1c2a8\" server=\"58\" farm=\"1\" title=\"Just beyond the door\" ispublic=\"0\" isfriend=\"1\" isfamily=\"0\"/>\n<photo id=\"17\" owner=\"12@N01\" secret=\"0001969\" server=\"73\" farm=\"1\" title=\"IMG_3787.JPG\" ispublic=\"1\" isfriend=\"0\" isfamily=\"0\"/>\n....\n</iconphotos>\n</collection>"
    }
  },
  "arguments": {
    "argument": [
      {
        "name": "api_key",
        "optional": 0,
        "_content": "Your API application key. <a href=\"/services/api/misc.api_keys.html\">See here</a> for more details."
      },
      {
        "name": "collection_id",
        "optional": "0",
        "_content": "The ID of the collection to fetch information for."
      }
    ]
  },
  "errors": {
    "error": [
      {
        "code": "1",
        "message": "Collection not found",
        "_content": "The requested collection could not be found or is not visible to the calling user."
      },
      {
        "code": 95,
        "message": "SSL is required",
        "_content": "SSL is required to access the Flickr API."
      },
      {
        "code": 96,
        "message": "Invalid signature",
        "_content": "The passed signature was invalid."
      },
      {
        "code": 97,
        "message": "Missing signature",
        "_content": "The call required signing but no signature was sent."
      },
      {
        "code": 98,
        "message": "Login failed / Invalid auth token",
        "_content": "The login details or auth token passed were invalid."
      },
      {
        "code": 99,
        "message": "User not logged in / Insufficient permissions",
        "_content": "The method requires user authentication but the user was not logged in, or the authenticated method call did not have the required permissions."
      },
      {
        "code": 100,
        "message": "Invalid API Key",
        "_content": "The API key passed was not valid or has expired."
      },
      {
        "code": 105,
        "message": "Service currently unavailable",
        "_content": "The requested service is temporarily unavailable."
      },
      {
        "code": 106,
        "message": "Write operation failed",
        "_content": "The requested operation failed due to a temporary issue."
      },
      {
        "code": 111,
        "message": "Format \"xxx\" not found",
        "_content": "The requested response format was not found."
      },
      {
        "code": 112,
        "message": "Method \"xxx\" not found",
        "_content": "The requested method was not found."
      },
      {
        "code": 114,
        "message": "Invalid SOAP envelope",
        "_content": "The SOAP envelope send in the request could not be parsed."
      },
      {
        "code": 115,
        "message": "Invalid XML-RPC Method Call",
        "_content": "The XML-RPC request document could not be parsed."
      },
      {
        "code": 116,
        "message": "Bad URL found",
        "_content": "One or more arguments contained a URL that has been used for abuse on Flickr."
      }
    ]
  },
  "stat": "ok"
}