{
  "method": {
    "name": "flickr.photos.comments.getRecentForContacts",
    "needslogin": 1,
    "needssigning": 1,
    "requiredperms": "1",
    "description": {
      "_content": "Return the list of photos belonging to your contacts that have been commented on recently."
    }
  },
  "arguments": {
    "argument": [
      {
        "name": "api_key",
        "optional": 0,
        "_content": "Your API application key. <a href=\"/services/api/misc.api_keys.html\">See here</a> for more details."
      },
      {
        "name": "date_lastcomment",
        "optional": "1",
        "_content": "Limits the resultset to photos that have been commented on since this date. The date should be in the form of a Unix timestamp.<br /><br />\nThe default, and maximum, offset is (1) hour.\n\n\n"
      },
      {
        "name": "contacts_filter",
        "optional": "1",
        "_content": "A comma-separated list of contact NSIDs to limit the scope of the query to."
      },
      {
        "name": "extras",
        "optional": 1,
        "_content": "A comma-delimited list of extra information to fetch for each returned record. Currently supported fields are: <code>description</code>, <code>license</code>, <code>date_upload</code>, <code>date_taken</code>, <code>owner_name</code>, <code>icon_server</code>, <code>original_format</code>, <code>last_update</code>, <code>geo</code>, <code>tags</code>, <code>machine_tags</code>, <code>o_dims</code>, <code>views</code>, <code>media</code>, <code>path_alias</code>, <code>url_sq</code>, <code>url_t</code>, <code>url_s</code>, <code>url_q</code>, <code>url_m</code>, <code>url_n</code>, <code>url_z</code>, <code>url_c</code>, <code>url_l</code>, <code>url_o</code>"
      },
      {
        "name": "per_page",
        "optional": 1,
        "_content": "Number of photos to return per page. If this argument is omitted, it defaults to 100. The maximum allowed value is 500."
      },
      {
        "name": "page",
        "optional": 1,
        "_content": "The page of results to return. If this argument is omitted, it defaults to 1."
      }
    ]
  },
  "errors": {
    "error": [
      {
        "code": 95,
        "message": "SSL is required",
        "_content": "SSL is required to access the Flickr API."
      },
      {
        "code": 96,
        "message": "Invalid signature",
        "_content": "The passed signature was invalid."
      },
      {
        "code": 97,
        "message": "Missing signature",
        "_content": "The call required signing but no signature was sent."
      },
      {
        "code": 98,
        "message": "Login failed / Invalid auth token",
        "_content": "The login details or auth token passed were invalid."
      },
      {
        "code": 99,
        "message": "User not logged in / Insufficient permissions",
        "_content": "The method requires user authentication but the user was not logged in, or the authenticated method call did not have the required permissions."
      },
      {
        "code": 100,
        "message": "Invalid API Key",
        "_content": "The API key passed was not valid or has expired."
      },
      {
        "code": 105,
        "message": "Service currently unavailable",
        "_content": "The requested service is temporarily unavailable."
      },
      {
        "code": 106,
        "message": "Write operation failed",
        "_content": "The requested operation failed due to a temporary issue."
      },
      {
        "code": 111,
        "message": "Format \"xxx\" not found",
        "_content": "The requested response format was not found."
      },
      {
        "code": 112,
        "message": "Method \"xxx\" not found",
        "_content": "The requested method was not found."
      },
      {
        "code": 114,
        "message": "Invalid SOAP envelope",
        "_content": "The SOAP envelope send in the request could not be parsed."
      },
      {
        "code": 115,
        "message": "Invalid XML-RPC Method Call",
        "_content": "The XML-RPC request document could not be parsed."
      },
      {
        "code": 116,
        "message": "Bad URL found",
        "_content": "One or more arguments contained a URL that has been used for abuse on Flickr."
      }
    ]
  },
  "stat": "ok"
}