{
  "method": {
    "name": "flickr.galleries.getList",
    "needslogin": 0,
    "needssigning": 0,
    "requiredperms": 0,
    "description": {
      "_content": "Return the list of galleries created by a user.  Sorted from newest to oldest."
    },
    "response": {
      "_content": "<galleries total=\"9\" page=\"1\" pages=\"1\" per_page=\"100\" user_id=\"34427469121@N01\">\n   <gallery id=\"5704-72157622637971865\" \n             url=\"http://www.flickr.com/photos/george/galleries/72157622637971865\" \n             owner=\"34427469121@N01\" date_create=\"1257711422\" date_update=\"1260360756\"\n             primary_photo_id=\"107391222\"  primary_photo_server=\"39\" \n             primary_photo_farm=\"1\" primary_photo_secret=\"ffa\"\n             count_photos=\"16\" count_videos=\"2\" >\n       <title>I like me some black &amp; white</title>\n       <description>black and whites</description>\n   </gallery>\n   <gallery id=\"5704-72157622566655097\" \n            url=\"http://www.flickr.com/photos/george/galleries/72157622566655097\" \n            owner=\"34427469121@N01\" date_create=\"1256852229\" date_update=\"1260462343\" \n            primary_photo_id=\"497374910\" primary_photo_server=\"231\" \n            primary_photo_farm=\"1\" primary_photo_secret=\"9ae0f\"\n            count_photos=\"18\" count_videos=\"0\" >\n       <title>People Sleeping in Libraries</title>\n       <description />\n   </gallery>\n</galleries>"
    }
  },
  "arguments": {
    "argument": [
      {
        "name": "api_key",
        "optional": 0,
        "_content": "Your API application key. <a href=\"/services/api/misc.api_keys.html\">See here</a> for more details."
      },
      {
        "name": "user_id",
        "optional": "0",
        "_content": "The NSID of the user to get a galleries list for. If none is specified, the calling user is assumed."
      },
      {
        "name": "per_page",
        "optional": "1",
        "_content": "Number of galleries to return per page. If this argument is omitted, it defaults to 100. The maximum allowed value is 500."
      },
      {
        "name": "page",
        "optional": "1",
        "_content": "The page of results to return. If this argument is omitted, it defaults to 1."
      },
      {
        "name": "primary_photo_extras",
        "optional": "1",
        "_content": "A comma-delimited list of extra information to fetch for the primary photo. Currently supported fields are: license, date_upload, date_taken, owner_name, icon_server, original_format, last_update, geo, tags, machine_tags, o_dims, views, media, path_alias, url_sq, url_t, url_s, url_m, url_o"
      },
      {
        "name": "continuation",
        "optional": "0",
        "_content": "The first request must pass the \"continuation\" parameter with the value of \"0\". The server responds back with a response that includes the \"continuation\" field along with \"pages\" and \"total\" fields in the response. For the subsequent requests, the client must relay the value of the \"continuation\" response field as the value of the \"continuation\" request parameter. On the last page of results, the server will respond with a continuation value of \"-1\"."
      },
      {
        "name": "sort_groups",
        "optional": "1",
        "_content": "A comma-separated list of groups used to sort the output sets. If has_photo is present, any of the calling user's galleries containing photos referred to in photo_ids will be returned before other galleries. If suggested is present, a number of suggested galleries will be returned before other sets. The order of the sort_groups will dictate the order that the groups are returned in. Only available if continuation is used. The resulting output will include a \"sort_group\" parameter indicating the sort_group that each set is part of, or null if not applicable"
      },
      {
        "name": "photo_ids",
        "optional": "1",
        "_content": "A comma-separated list of photo ids. If specified along with has_photo in sort_groups, each returned gallery will include a list of these photo ids that are present in the gallery as \"has_requested_photos\""
      },
      {
        "name": "cover_photos",
        "optional": "1",
        "_content": "set to 1 if cover photos for galleries should be returned. If primary photo exists, 1 primary photo and 2 other photos will be returned (in order). If not, 6 photos in order will be returned"
      },
      {
        "name": "primary_photo_cover_size",
        "optional": "1",
        "_content": "size of primary photo on the cover (if primary photo exists in gallery). will default to 'q' if not set"
      },
      {
        "name": "cover_photos_size",
        "optional": "1",
        "_content": "size of cover photos (will default to 'q' if not set)"
      },
      {
        "name": "limit",
        "optional": "1",
        "_content": "number of cover photos to fetch for galleries without a primary photo. Default is 6"
      },
      {
        "name": "short_limit",
        "optional": "0",
        "_content": "number of cover photos to fetch (excluding primary photo) for galleries with a primary photo. Default is 2."
      }
    ]
  },
  "errors": {
    "error": [
      {
        "code": 100,
        "message": "Invalid API Key",
        "_content": "The API key passed was not valid or has expired."
      },
      {
        "code": 105,
        "message": "Service currently unavailable",
        "_content": "The requested service is temporarily unavailable."
      },
      {
        "code": 106,
        "message": "Write operation failed",
        "_content": "The requested operation failed due to a temporary issue."
      },
      {
        "code": 111,
        "message": "Format \"xxx\" not found",
        "_content": "The requested response format was not found."
      },
      {
        "code": 112,
        "message": "Method \"xxx\" not found",
        "_content": "The requested method was not found."
      },
      {
        "code": 114,
        "message": "Invalid SOAP envelope",
        "_content": "The SOAP envelope send in the request could not be parsed."
      },
      {
        "code": 115,
        "message": "Invalid XML-RPC Method Call",
        "_content": "The XML-RPC request document could not be parsed."
      },
      {
        "code": 116,
        "message": "Bad URL found",
        "_content": "One or more arguments contained a URL that has been used for abuse on Flickr."
      }
    ]
  },
  "stat": "ok"
}