{
  "method": {
    "name": "flickr.groups.discuss.topics.getInfo",
    "needslogin": 0,
    "needssigning": 0,
    "requiredperms": 0,
    "description": {
      "_content": "Get information about a group discussion topic."
    },
    "response": {
      "_content": "<?xml version=\"1.0\" encoding=\"utf-8\" ?>\n<rsp stat=\"ok\">\n  <topic id=\"72157607082559966\" subject=\"Who's still around?\" author=\"30134652@N05\" authorname=\"JAMAL'S ACCOUNT\" is_pro=\"0\" role=\"admin\" iconserver=\"0\" iconfarm=\"0\" count_replies=\"1\" can_edit=\"1\" can_delete=\"0\" can_reply=\"0\" is_sticky=\"0\" is_locked=\"0\" datecreate=\"1337975869\" datelastpost=\"1337975921\" last_reply=\"72157607082559968\">\n    <message>Is anyone still around in this group?</message>\n  </topic>\n</rsp>"
    }
  },
  "arguments": {
    "argument": [
      {
        "name": "api_key",
        "optional": 0,
        "_content": "Your API application key. <a href=\"/services/api/misc.api_keys.html\">See here</a> for more details."
      },
      {
        "name": "group_id",
        "optional": "0",
        "_content": "NSID or group alias of the group to which the topic belongs. Making this parameter optional for legacy reasons, but it is highly recommended to pass this in to get better performance. "
      },
      {
        "name": "topic_id",
        "optional": "0",
        "_content": "The ID for the topic to edit."
      }
    ]
  },
  "errors": {
    "error": [
      {
        "code": "1",
        "message": "Topic not found",
        "_content": "The topic_id is invalid"
      },
      {
        "code": 100,
        "message": "Invalid API Key",
        "_content": "The API key passed was not valid or has expired."
      },
      {
        "code": 105,
        "message": "Service currently unavailable",
        "_content": "The requested service is temporarily unavailable."
      },
      {
        "code": 106,
        "message": "Write operation failed",
        "_content": "The requested operation failed due to a temporary issue."
      },
      {
        "code": 111,
        "message": "Format \"xxx\" not found",
        "_content": "The requested response format was not found."
      },
      {
        "code": 112,
        "message": "Method \"xxx\" not found",
        "_content": "The requested method was not found."
      },
      {
        "code": 114,
        "message": "Invalid SOAP envelope",
        "_content": "The SOAP envelope send in the request could not be parsed."
      },
      {
        "code": 115,
        "message": "Invalid XML-RPC Method Call",
        "_content": "The XML-RPC request document could not be parsed."
      },
      {
        "code": 116,
        "message": "Bad URL found",
        "_content": "One or more arguments contained a URL that has been used for abuse on Flickr."
      }
    ]
  },
  "stat": "ok"
}